{"cameraMode":{"drawMode":0,"name":"Shaded","section":"Shading Mode"},"sceneLighting":false,"audioPlay":false,"sceneViewState":{"showFog":true,"showMaterialUpdate":false,"showSkybox":false,"showFlares":true,"showImageEffects":true,"showParticleSystems":true},"in2DMode":false,"pivot":{"x":1.9425911903381348,"y":-0.42537975311279299,"z":-1.6450750827789307},"rotation":{"x":-0.15820565819740296,"y":0.8211843967437744,"z":-0.27332615852355959,"w":-0.4753163754940033},"size":8.743237495422364,"orthographic":false}